年份,省份,批次,科类,专业,最低分,平均分,最高分
2017年,安徽,二本,理工,测绘工程,482,483.75,488
2017年,安徽,二本,理工,测控技术与仪器,481,481.75,482
2017年,安徽,二本,理工,电气工程及其自动化,483,484,486
2017年,安徽,二本,理工,计算机科学与技术,484,486.2,490
2017年,安徽,二本,理工,生物工程,482,482.5,484
2017年,安徽,二本,文史,法学,512,514.67,520
2017年,安徽,二本,文史,国际经济与贸易,512,514.5,520
2017年,安徽,二本,文史,汉语言文学,512,512.5,513
2017年,安徽,二本,文史,旅游管理,512,513,514
2017年,安徽,二本,文史,英语,513,513,513
2017年,福建,二本,理工,电气工程及其自动化,418,419,420
2017年,福建,二本,理工,环境工程,409,409,409
2017年,福建,二本,理工,会计学,419,423.67,433
2017年,福建,二本,理工,计算机科学与技术,417,423,432
2017年,福建,二本,理工,审计学,414,416,420
2017年,福建,二本,理工,生物工程,409,409.33,410
2017年,福建,二本,文史,旅游管理,457,460.75,468
2017年,福建,二本,文史,商务英语,458,460,462
2017年,福建,二本,文史,小学教育,452,455.25,458
2017年,福建,二本,文史,英语,464,468.5,474
2017年,甘肃,二本,理工,测控技术与仪器,446,447.17,449
2017年,甘肃,二本,理工,电气工程及其自动化,447,451.25,453
2017年,甘肃,二本,理工,计算机科学与技术,454,455.67,457
2017年,甘肃,二本,理工,商务英语,446,446,446
2017年,甘肃,二本,理工,生物工程,446,448.25,451
2017年,甘肃,二本,理工,信息与计算科学,449,450.5,452
2017年,甘肃,二本,文史,国际经济与贸易,499,500,501
2017年,甘肃,二本,文史,汉语言文学,498,498,498
2017年,甘肃,二本,文史,护理学,496,496.67,497
2017年,甘肃,二本,文史,旅游管理,498,498,498
2017年,甘肃,二本,文史,审计学,501,501,501
2017年,甘肃,二本,文史,小学教育,497,497.33,498
2017年,甘肃,二本,文史,学前教育,497,498,500
2017年,广西,二本,理工,车辆工程,435,435,435
2017年,广西,二本,理工,临床医学,442,449.5,464
2017年,广西,二本,理工,食品质量与安全,434,440,450
2017年,广西,二本,理工,通信工程,436,438,441
2017年,广西,二本,文史,汉语言文学,512,516,520
2017年,广西,二本,文史,护理学,500,501.75,506
2017年,广西,二本,文史,特殊教育,501,505.5,510
2017年,广西,二本,文史,学前教育,501,507.5,519
2017年,广西,二本,艺术,产品设计,584,584,584
2017年,广西,二本,艺术,动画,585,589,591
2017年,广西,二本,艺术,环境设计,590,597.5,605
2017年,广西,二本,艺术,视觉传达设计,583,583,583
2017年,贵州,二本,理工,测绘工程,445,445.67,447
2017年,贵州,二本,理工,电气工程及其自动化,450,455.67,460
2017年,贵州,二本,理工,计算机科学与技术,450,454.6,459
2017年,贵州,二本,理工,临床医学,452,456.75,468
2017年,贵州,二本,理工,数字媒体技术,447,449,450
2017年,贵州,二本,文史,法学,542,547.5,551
2017年,贵州,二本,文史,会计学,543,546.5,550
2017年,贵州,二本,文史,旅游管理,542,542.5,543
2017年,贵州,二本,文史,学前教育,539,540.6,542
2017年,贵州,二本,艺术,广播电视编导,489,497.2,509
2017年,海南,二本,理工,通信工程,579,586.75,591
2017年,海南,二本,理工,小学教育,594,595.67,597
2017年,海南,二本,理工,应用心理学,581,582.67,584
2017年,海南,二本,文史,法学,637,640.67,646
2017年,海南,二本,文史,护理学,633,633,633
2017年,海南,二本,文史,会展经济与管理,631,639.25,653
2017年,河北,二本,理工,测绘工程,479,480.33,482
2017年,河北,二本,理工,测控技术与仪器,479,482.33,489
2017年,河北,二本,理工,法学,481,484,489
2017年,河北,二本,理工,数字媒体技术,481,483.5,488
2017年,河北,二本,理工,通信工程,480,485,494
2017年,河北,二本,理工,制药工程,478,480,481
2017年,河北,二本,文史,会计学,517,519,522
2017年,河北,二本,文史,商务英语,514,516.25,520
2017年,河北,二本,文史,文化产业管理,510,512.25,514
2017年,河北,二本,文史,小学教育,511,516,521
2017年,河北,二本,文史,应用心理学,510,513.75,518
2017年,河南,二本,理工,测控技术与仪器,476,477,478
2017年,河南,二本,理工,环境工程,476,476.67,477
2017年,河南,二本,理工,食品质量与安全,475,477,479
2017年,河南,二本,理工,物联网工程,480,481,482
2017年,河南,一本,理工,软件工程,499,506,514
2017年,河南,二本,文史,国际经济与贸易,507,510.67,513
2017年,河南,二本,文史,会展经济与管理,505,508.6,515
2017年,河南,一本,文史,财务管理,520,522.6,527
2017年,黑龙江,二本,理工,测控技术与仪器,434,437.33,439
2017年,黑龙江,二本,理工,电气工程及其自动化,433,439.4,446
2017年,黑龙江,二本,理工,物联网工程,443,446.33,451
2017年,黑龙江,二本,文史,国际经济与贸易,457,458.67,461
2017年,黑龙江,二本,文史,护理学,452,453.33,454
2017年,黑龙江,二本,文史,小学教育,456,456.33,457
2017年,湖北,二本,理工,环境工程,467,469.25,474
2017年,湖北,二本,理工,会展经济与管理,467,471.33,475
2017年,湖北,二本,理工,计算机科学与技术,476,480,485
2017年,湖北,二本,理工,制药工程,469,470,471
2017年,湖北,二本,文史,护理学,506,507.25,509
2017年,湖北,二本,文史,学前教育,506,508,509
2017年,湖北,二本,文史,英语,510,512.25,517
2017年,湖北,二本,艺术,动画,560,560,560
2017年,湖北,二本,艺术,环境设计,559,561,564
2017年,湖南,二本,理工,车辆工程,477,478.2,479
2017年,湖南,二本,理工,电子信息工程,480,481.25,482
2017年,湖南,二本,理工,建筑学,489,493.67,497
2017年,湖南,二本,理工,生物工程,477,477.5,478
2017年,湖南,二本,理工,信息与计算科学,479,483.5,492
2017年,湖南,二本,理工,英语,480,483.33,489
2017年,湖南,二本,文史,国际经济与贸易,528,531,536
2017年,湖南,二本,文史,汉语言文学,528,531.25,533
2017年,湖南,二本,文史,护理学,525,525.33,526
2017年,湖南,二本,文史,旅游管理,526,526.33,527
2017年,湖南,二本,文史,学前教育,528,531.33,536
2017年,江苏,二本,理工,测绘工程,319,319.67,321
2017年,江苏,二本,理工,电子信息工程,318,318.75,320
2017年,江苏,二本,理工,食品质量与安全,318,322.33,330
2017年,江苏,二本,理工,物联网工程,322,323,324
2017年,江苏,二本,理工,小学教育,317,317.33,318
2017年,江苏,二本,文史,护理学,318,321.5,326
2017年,江苏,二本,文史,旅游管理,319,320,321
2017年,江苏,二本,文史,审计学,322,323.5,325
2017年,江苏,二本,文史,学前教育,319,320.75,322
2017年,江苏,二本,艺术,动画,479,480.67,482
2017年,江苏,二本,艺术,环境设计,478,485.5,493
2017年,江苏,二本,艺术,绘画,480,480,480
2017年,江苏,二本,艺术,视觉传达设计,477,479,481
2017年,江西,二本,理工,电子信息工程,491,492.67,494
2017年,江西,二本,理工,建筑学,489,489.75,491
2017年,江西,二本,理工,特殊教育,511,511,511
2017年,江西,二本,理工,小学教育,489,489.33,490
2017年,江西,二本,理工,信息与计算科学,492,497.5,506
2017年,江西,二本,文史,国际经济与贸易,524,525,526
2017年,江西,二本,文史,汉语言文学,521,522.25,523
2017年,江西,二本,文史,护理学,519,519.75,521
2017年,江西,二本,文史,旅游管理,520,521.33,523
2017年,辽宁,二本,理工,电子信息工程,447,455.5,482
2017年,辽宁,二本,理工,旅游管理,456,464,469
2017年,辽宁,二本,文史,会计学,509,509.5,510
2017年,辽宁,二本,文史,学前教育,499,502,504
2017年,辽宁,二本,文史,英语,502,505.33,507
2017年,辽宁,二本,艺术,产品设计,428,441.25,462
2017年,辽宁,二本,艺术,动画,424,427.5,434
2017年,辽宁,二本,艺术,环境设计,423,428.5,437
2017年,辽宁,二本,艺术,绘画,424,438.33,465
2017年,辽宁,二本,艺术,视觉传达设计,426,439.67,462
2017年,山西,二本,理工,车辆工程,436,441.18,457
2017年,山西,二本,理工,电子信息工程,436,442.44,458
2017年,山西,二本,文史,国际经济与贸易,487,488.33,490
2017年,山西,二本,文史,旅游管理,485,485.5,486
2017年,山西,二本,文史,学前教育,483,484,485
2017年,陕西,二本,理工,审计学,435,437,439
2017年,陕西,二本,理工,通信工程,439,442.33,448
2017年,陕西,二本,理工,学前教育,435,436,438
2017年,陕西,二本,理工,制药工程,437,438,439
2017年,陕西,二本,文史,护理学,493,495.67,498
2017年,陕西,二本,文史,旅游管理,494,497,500
2017年,陕西,二本,文史,英语,500,503,505
2017年,四川,二本,理工,测绘工程,505,507.08,519
2017年,四川,二本,理工,测控技术与仪器,505,506.83,512
2017年,四川,二本,理工,车辆工程,506,510.56,527
2017年,四川,二本,理工,电气工程及其自动化,507,511.63,534
2017年,四川,二本,理工,电子信息工程,506,510.3,528
2017年,四川,二本,理工,法学,511,519.58,535
2017年,四川,二本,理工,工程造价,506,511.78,524
2017年,四川,二本,理工,工商管理,511,516.6,531
2017年,四川,二本,理工,广播电视学,505,507.13,513
2017年,四川,二本,理工,国际经济与贸易,507,511.35,521
2017年,四川,二本,理工,护理学,505,506.26,517
2017年,四川,二本,理工,环境工程,505,509.01,515
2017年,四川,二本,理工,会计学,527,533.93,542
2017年,四川,二本,理工,会展经济与管理,506,507.9,515
2017年,四川,二本,理工,计算机科学与技术,512,516.57,535
2017年,四川,二本,理工,建筑学,508,512.66,526
2017年,四川,二本,理工,临床医学,514,521.38,541
2017年,四川,二本,理工,旅游管理,505,507.59,511
2017年,四川,二本,理工,商务英语,507,510.6,523
2017年,四川,二本,理工,审计学,522,525.33,527
2017年,四川,二本,理工,生物工程,505,507.32,516
2017年,四川,二本,理工,食品质量与安全,505,507.79,520
2017年,四川,二本,理工,数字媒体技术,507,512.93,535
2017年,四川,二本,理工,泰语,506,509.53,514
2017年,四川,二本,理工,特殊教育,505,506.84,512
2017年,四川,二本,理工,通信工程,505,509.53,522
2017年,四川,二本,理工,网络与新媒体,505,509.9,516
2017年,四川,二本,理工,文化产业管理,505,506.75,511
2017年,四川,二本,理工,物联网工程,507,511.11,531
2017年,四川,二本,理工,小学教育,507,511.76,534
2017年,四川,二本,理工,信息与计算科学,505,510.28,518
2017年,四川,二本,理工,学前教育,505,508.7,521
2017年,四川,二本,理工,英语,511,515.82,541
2017年,四川,二本,理工,应用心理学,508,513.6,526
2017年,四川,二本,理工,制药工程,505,508.92,535
2017年,四川,一本,理工,材料成型及控制工程,515,516.94,552
2017年,四川,一本,理工,财务管理,524,528.86,548
2017年,四川,一本,理工,工程管理,515,518.05,524
2017年,四川,一本,理工,汉语国际教育,516,520.35,535
2017年,四川,一本,理工,机械设计制造及其自动化,517,519.75,535
2017年,四川,一本,理工,软件工程,518,521.94,557
2017年,四川,一本,理工,食品科学与工程,515,517.27,522
2017年,四川,一本,理工,土木工程,515,518.46,532
2017年,四川,一本,理工,药学,515,518.81,528
2017年,四川,一本,理工,自动化,515,517.72,531
2017年,四川,专科,理工,建设工程管理类,189,374.58,456
2017年,四川,专科,理工,学前教育,437,447.92,471
2017年,四川,体本,体育,社会体育指导与管理,79.18,79.66,82.39
2017年,四川,体本,体育,体育教育,79.94,81.26,87.85
2017年,四川,体本,体育,休闲体育,78.97,79.39,81.2
2017年,四川,二本,文史,法学,534,539.11,567
2017年,四川,二本,文史,工商管理,532,537.67,554
2017年,四川,二本,文史,广播电视学,531,533.75,541
2017年,四川,二本,文史,国际经济与贸易,532,537.33,556
2017年,四川,二本,文史,汉语言文学,536,540.07,579
2017年,四川,二本,文史,护理学,531,531.87,541
2017年,四川,二本,文史,会计学,544,548.87,562
2017年,四川,二本,文史,会展经济与管理,531,534.11,546
2017年,四川,二本,文史,旅游管理,531,533.68,539
2017年,四川,二本,文史,商务英语,533,537.3,549
2017年,四川,二本,文史,审计学,539,541.99,554
2017年,四川,二本,文史,泰语,532,534.05,540
2017年,四川,二本,文史,特殊教育,531,532.24,536
2017年,四川,二本,文史,网络与新媒体,536,537.61,538
2017年,四川,二本,文史,文化产业管理,532,534.36,536
2017年,四川,二本,文史,小学教育,531,534.93,545
2017年,四川,二本,文史,学前教育,531,533.64,539
2017年,四川,二本,文史,英语,536,539.92,551
2017年,四川,二本,文史,应用心理学,532,535.75,541
2017年,四川,一本,文史,财务管理,543,546.69,557
2017年,四川,一本,文史,汉语国际教育,541,542.99,549
2017年,四川,专科,文史,学前教育,480,489.41,515
2017年,四川,艺本,艺术,产品设计,239.67,244.72,258.66
2017年,四川,艺本,艺术,动画,239.33,244.26,258.67
2017年,四川,艺本,艺术,广播电视编导(文）,482,491.5,511.22
2017年,四川,艺本,艺术,广播电视编导(理）,455,466,497
2017年,四川,艺本,艺术,环境设计,239.99,244.65,256.34
2017年,四川,艺本,艺术,绘画,239.33,241.63,257
2017年,四川,艺本,艺术,视觉传达设计,240.67,245.03,261.33
2017年,四川,艺本,艺术,音乐表演(器乐),301.6,309.52,319.2
2017年,四川,艺本,艺术,音乐表演(声乐),308.8,313.66,320
2017年,四川,艺本,艺术,音乐表演(音乐舞蹈),268.9,275.11,284.5
2017年,四川,专科,艺术,广播影视节目制作(文）,407,429,457
2017年,四川,专科,艺术,广播影视节目制作(理）,186,321,416
2017年,四川,专科,艺术,艺术设计,227.66,237.06,254.67
2017年,新疆,二本,理工,食品质量与安全,431,434,436
2017年,新疆,二本,理工,通信工程,430,434.25,441
2017年,新疆,二本,理工,信息与计算科学,435,445.6,456
2017年,新疆,二本,理工,应用心理学,438,443.8,454
2017年,新疆,二本,文史,汉语言文学,483,486.4,492
2017年,新疆,二本,文史,文化产业管理,480,480.75,482
2017年,新疆,二本,文史,小学教育,470,479.4,483
2017年,新疆,二本,文史,英语,484,490,505
2017年,云南,二本,理工,电气工程及其自动化,494,496.8,503
2017年,云南,二本,理工,计算机科学与技术,495,500.75,514
2017年,云南,二本,理工,临床医学,503,509.25,516
2017年,云南,二本,理工,制药工程,494,497,500
2017年,云南,二本,文史,汉语言文学,544,546,548
2017年,云南,二本,文史,旅游管理,543,544.5,546
2017年,云南,二本,文史,审计学,548,550.25,553
2017年,云南,二本,文史,泰语,543,544,546
2017年,云南,二本,文史,小学教育,542,543.67,545
2017年,云南,二本,文史,学前教育,543,544,545
2017年,浙江,二本,综合改革,法学,555,562,572
2017年,浙江,二本,综合改革,国际经济与贸易,552,556.67,559
2017年,浙江,二本,综合改革,护理学,546,547.75,550
2017年,浙江,二本,综合改革,环境工程,547,549,551
2017年,浙江,二本,综合改革,生物工程,541,547.75,563
2017年,浙江,二本,综合改革,特殊教育,541,544.33,548
2017年,浙江,二本,综合改革,通信工程,545,547,549
2017年,浙江,二本,综合改革,文化产业管理,550,553.33,559
2017年,浙江,二本,综合改革,物联网工程,545,551.5,564
2017年,浙江,二本,综合改革,小学教育,556,557,559
2017年,浙江,二本,综合改革,学前教育,555,558.5,564
2017年,浙江,二本,综合改革,英语,555,556.75,558
2017年,重庆,二本,文史,国际经济与贸易,508,511.2,520
2017年,重庆,二本,文史,汉语言文学,507,510,518
2017年,重庆,二本,文史,商务英语,511,514.5,520
2017年,重庆,二本,文史,文化产业管理,508,509,512
2017年,重庆,二本,文史,小学教育,508,510.75,514
2017年,重庆,二本,文史,学前教育,506,508.33,510
2017年,四川,少数民族预科(本科),文史,少数民族预科,446,450,456
2017年,四川,少数民族预科(本科),理工,少数民族预科,405,412.6,438
2017年,四川,一类模式(彝文),文史,少数民族预科,348,361.9,381
年份,省份,批次,科类,专业,最低分,平均分,最高分
2018年,安徽,二本,理工,电气工程及其自动化,509,511.34,512
2018年,安徽,二本,理工,计算机科学与技术,508,511.71,518
2018年,安徽,二本,理工,测绘工程,506,507.66,508
2018年,安徽,二本,理工,测控技术与仪器,506,509,511
2018年,安徽,二本,理工,生物工程,506,506.98,507
2018年,安徽,二本,理工,旅游管理,506,507.33,508
2018年,安徽,二本,文史,法学,557,559.16,561
2018年,安徽,二本,文史,英语,554,556.24,557
2018年,安徽,二本,文史,国际经济与贸易,554,556.68,557
2018年,安徽,二本,文史,汉语言文学,554,556.44,559
2018年,福建,二本,理工,会计学,482,487.3,489
2018年,福建,二本,理工,计算机科学与技术,482,488.46,496
2018年,福建,二本,理工,电气工程及其自动化,475,478.96,481
2018年,福建,二本,理工,审计学,475,477.96,480
2018年,福建,二本,理工,环境工程,472,476.96,478
2018年,福建,二本,理工,生物工程,471,474.46,476
2018年,福建,二本,文史,旅游管理,530,535.49,541
2018年,福建,二本,文史,英语,528,533.43,539
2018年,福建,二本,文史,护理学,527,530.24,534
2018年,福建,二本,文史,商务英语,526,529.59,531
2018年,甘肃,二本,理工,计算机科学与技术,485,488.43,494
2018年,甘肃,二本,理工,信息与计算科学,484,484.6,485
2018年,甘肃,二本,理工,商务英语,481,483.11,485
2018年,甘肃,二本,理工,电气工程及其自动化,480,484.35,491
2018年,甘肃,二本,理工,生物工程,479,479.77,481
2018年,甘肃,二本,理工,测控技术与仪器,479,481.1,484
2018年,甘肃,二本,文史,汉语言文学,502,503.61,505
2018年,甘肃,二本,文史,学前教育,500,503.1,508
2018年,甘肃,二本,文史,国际经济与贸易,499,500.1,501
2018年,甘肃,二本,文史,审计学,499,499.6,500
2018年,甘肃,二本,文史,小学教育,499,499.77,501
2018年,甘肃,二本,文史,护理学,499,499.35,500
2018年,甘肃,二本,文史,旅游管理,499,499.6,500
2018年,甘肃,艺本,艺术类,音乐表演(声乐),256,257.83,259
2018年,甘肃,艺本,艺术类,音乐表演(器乐),245,245.5,246
2018年,甘肃,艺本,艺术类,环境设计,210,212.93,216
2018年,广东,艺本,美术术科类统,产品设计,490,492.33,496
2018年,广东,艺本,美术术科类统,绘画,490,499,507
2018年,广东,艺本,美术术科类统,动画,488,493.4,504
2018年,广东,艺本,美术术科类统,环境设计,488,490.2,496
2018年,广东,艺本,音乐术科类统,音乐表演(器乐),493,496,499
2018年,广东,艺本,音乐术科类统,音乐表演(声乐),490,490.5,491
2018年,广西,二本,理工,通信工程,486,493.36,501
2018年,广西,二本,理工,车辆工程,484,488.35,497
2018年,广西,二本,理工,食品质量与安全,483,489.45,498
2018年,广西,二本,文史,广播电视学,535,541.59,545
2018年,广西,二本,文史,学前教育,530,535.99,546
2018年,广西,二本,文史,特殊教育,527,530.49,532
2018年,广西,二本,文史,护理学,526,527.99,529
2018年,广西,体本,艺体,体育教育,383,404.54,435
2018年,广西,艺本,艺体,动画,596,603.39,615
2018年,广西,艺本,艺体,视觉传达设计,588,595.99,602
2018年,广西,艺本,艺体,音乐表演(声乐),554,554.95,554
2018年,广西,艺本,艺体,音乐表演(器乐),545,545.92,545
2018年,贵州,二本,理工,计算机科学与技术,485,489.1,492
2018年,贵州,二本,理工,测绘工程,479,479.77,481
2018年,贵州,二本,理工,电气工程及其自动化,479,482.43,485
2018年,贵州,二本,文史,法学,573,575.1,579
2018年,贵州,二本,文史,旅游管理,570,570.1,570
2018年,贵州,二本,文史,学前教育,569,570.1,571
2018年,贵州,艺本,艺术文理综合,广播电视编导,240,242.27,243
2018年,贵州,艺本,艺术文理综合,视觉传达设计,223,225.46,228
2018年,贵州,艺本,艺术文理综合,音乐表演(声乐),223,223.81,224
2018年,贵州,艺本,艺术文理综合,动画,222,228.99,239
2018年,贵州,艺本,艺术文理综合,音乐表演(器乐),216,222.99,228
2018年,海南,二本,理工,通信工程,592,595.78,600
2018年,海南,二本,理工,应用心理学,587,588.56,590
2018年,海南,二本,理工,小学教育,584,588.75,598
2018年,海南,二本,文史,法学,648,649.7,652
2018年,海南,二本,文史,会展经济与管理,636,640.04,646
2018年,海南,二本,文史,护理学,636,637.02,638
2018年,河北,二本,理工,数字媒体技术,518,524.36,536
2018年,河北,二本,理工,法学,517,526.11,534
2018年,河北,二本,理工,通信工程,515,518.36,523
2018年,河北,二本,理工,测控技术与仪器,511,513.11,516
2018年,河北,二本,理工,测绘工程,511,512.1,513
2018年,河北,二本,理工,制药工程,511,513.61,515
2018年,河北,二本,文史,会计学,563,565.11,569
2018年,河北,二本,文史,小学教育,561,561.78,562
2018年,河北,二本,文史,应用心理学,561,569.11,586
2018年,河北,二本,文史,商务英语,559,559.62,560
2018年,河北,二本,文史,文化产业管理,559,560.36,562
2018年,河北,体本,体育文,体育教育,334,345.62,354
2018年,黑龙江,二本,理工,物联网工程,482,487.1,490
2018年,黑龙江,二本,理工,测控技术与仪器,480,480.76,481
2018年,黑龙江,二本,理工,电气工程及其自动化,472,476.5,481
2018年,黑龙江,二本,文史,国际经济与贸易,478,479.09,480
2018年,黑龙江,二本,文史,小学教育,475,481.43,486
2018年,黑龙江,二本,文史,护理学,473,474.43,476
2018年,湖北,二本,理工,计算机科学与技术,507,513.44,519
2018年,湖北,二本,理工,制药工程,504,505.77,507
2018年,湖北,二本,理工,环境工程,503,503.86,505
2018年,湖北,二本,理工,会展经济与管理,501,501.77,502
2018年,湖北,二本,文史,英语,553,558.61,570
2018年,湖北,二本,文史,学前教育,550,552.36,554
2018年,湖北,二本,文史,护理学,547,547.44,548
2018年,湖北,艺本,艺术类,广播电视编导,723,724.59,726
2018年,湖北,艺本,艺术类,音乐表演(器乐),599,599.02,599
2018年,湖北,艺本,艺术类,音乐表演(声乐),597,600.75,603
2018年,湖北,艺本,艺术类,视觉传达设计,584,585.6,588
2018年,湖北,艺本,艺术类,环境设计,583,588.56,600
2018年,湖北,艺本,艺术类,动画,582,586.4,592
2018年,湖南,二本,理工,英语,515,517.44,519
2018年,湖南,二本,理工,电子信息工程,512,512.86,514
2018年,湖南,二本,理工,生物工程,510,510.77,511
2018年,湖南,二本,文史,汉语言文学,568,569.11,570
2018年,湖南,二本,文史,旅游管理,567,567.45,568
2018年,湖南,艺本,艺术(文),音乐表演(声乐),253,256.25,262
2018年,湖南,艺本,艺术(文),视觉传达设计,244,248.5,258
2018年,湖南,艺本,艺术(文),音乐表演(音乐舞蹈),244,244,244
2018年,湖南,艺本,艺术(文),产品设计,240,241.5,243
2018年,湖南,艺本,艺术(文),动画,240,243.75,246
2018年,湖南,艺本,艺术(文),环境设计,239,241.6,243
2018年,江苏,二本,理工,电子信息工程,329,330.25,331
2018年,江苏,二本,理工,测绘工程,328,328.33,329
2018年,江苏,二本,理工,食品质量与安全,328,328.67,329
2018年,江苏,二本,文史,学前教育,327,327.75,328
2018年,江苏,二本,文史,护理学,324,325.5,328
2018年,江苏,体本,体育类,体育教育,364,365.8,369
2018年,江苏,艺本,艺术编导,广播电视编导,504,510.6,520
2018年,江苏,艺本,艺术美术,视觉传达设计,491,493.8,499
2018年,江苏,艺本,艺术美术,环境设计,490,490,490
2018年,江苏,艺本,艺术器乐,音乐表演,185,189,193
2018年,江苏,艺本,艺术声乐,音乐表演,177,177.5,178
2018年,江西,二本,理工,信息与计算科学,523,525.46,526
2018年,江西,二本,理工,电子信息工程,521,526.96,531
2018年,江西,二本,理工,建筑学,520,522.71,524
2018年,江西,二本,理工,小学教育,520,521.71,522
2018年,江西,二本,理工,特殊教育,519,520.46,520
2018年,江西,二本,文史,国际经济与贸易,566,571.99,576
2018年,江西,二本,文史,汉语言文学,566,569.74,575
2018年,江西,二本,文史,旅游管理,565,569.32,574
2018年,江西,二本,文史,护理学,564,565.49,565
2018年,辽宁,二本,理工,工程造价,515,520.36,525
2018年,辽宁,二本,理工,电子信息工程,509,516.44,540
2018年,辽宁,二本,文史,英语,538,541.77,549
2018年,辽宁,二本,文史,学前教育,536,536.44,537
2018年,辽宁,二本,文史,工商管理,534,540.6,555
2018年,辽宁,艺本,艺术(文),动画,440,451.87,485
2018年,辽宁,艺本,艺术(文),产品设计,439,456.77,491
2018年,山东,艺本,艺术文,产品设计,532,536.24,543
2018年,山东,艺本,艺术文,绘画,527,529.9,534
2018年,山东,艺本,艺术文,广播电视编导,513,518.94,527
2018年,山西,二本,理工,电子信息工程,484,488.89,496
2018年,山西,二本,理工,车辆工程,483,483.11,483
2018年,山西,二本,理工,工程造价,483,487.77,491
2018年,山西,二本,文史,国际经济与贸易,522,522.77,523
2018年,山西,二本,文史,旅游管理,519,520.11,521
2018年,山西,二本,文史,学前教育,516,518.66,523
2018年,山西,艺本,艺术综合,广播电视编导,315,320.69,325
2018年,山西,艺本,艺术综合,音乐表演(器乐),81,82.86,84
2018年,山西,艺本,艺术综合,音乐表演(声乐),81,82.65,83
2018年,陕西,二本,理工,通信工程,471,474.76,477
2018年,陕西,二本,理工,审计学,470,471.43,473
2018年,陕西,二本,理工,学前教育,469,469.42,470
2018年,陕西,二本,理工,制药工程,469,469.76,470
2018年,陕西,二本,文史,英语,512,513.76,515
2018年,陕西,二本,文史,护理学,509,509.6,510
2018年,陕西,二本,文史,旅游管理,508,511.61,515
2018年,四川,地方专项,理工,临床医学,567,569.86,574
2018年,四川,地方专项,理工,机械设计制造及其自动化,554,559.45,568
2018年,四川,地方专项,理工,药学,553,553.1,553
2018年,四川,地方专项,理工,食品科学与工程,552,552.11,552
2018年,四川,地方专项,理工,材料成型及控制工程,552,559.11,566
2018年,四川,地方专项,理工,软件工程,548,558.86,574
2018年,四川,地方专项,文史,财务管理,562,562.1,562
2018年,四川,地方专项,文史,汉语国际教育,554,554.1,554
2018年,四川,二本,理工,计算机科学与技术,552,555.37,575
2018年,四川,二本,理工,会计学,551,559.16,572
2018年,四川,二本,理工,应用心理学,550,550.11,550
2018年,四川,二本,理工,网络与新媒体,549,550.44,552
2018年,四川,二本,理工,英语,549,553.86,574
2018年,四川,二本,理工,审计学,548,554.94,573
2018年,四川,二本,理工,法学,546,552.76,581
2018年,四川,二本,理工,物联网工程,546,548.76,557
2018年,四川,二本,理工,电气工程及其自动化,544,548.28,568
2018年,四川,二本,理工,电子信息工程,544,549.01,575
2018年,四川,二本,理工,商务英语,544,546.83,555
2018年,四川,二本,理工,数字媒体技术,544,548.19,563
2018年,四川,二本,理工,建筑学,543,547.65,557
2018年,四川,二本,理工,信息与计算科学,543,548.48,553
2018年,四川,二本,理工,工商管理,542,547.23,559
2018年,四川,二本,理工,小学教育,542,547.3,563
2018年,四川,二本,理工,口腔医学技术,542,547.04,572
2018年,四川,二本,理工,工程造价,541,546.59,570
2018年,四川,二本,理工,车辆工程,541,545.48,572
2018年,四川,二本,理工,食品质量与安全,541,543.23,554
2018年,四川,二本,理工,泰语,541,543.61,546
2018年,四川,二本,理工,特殊教育,541,541.44,542
2018年,四川,二本,理工,通信工程,541,545.72,554
2018年,四川,二本,理工,广播电视学,541,542.71,552
2018年,四川,二本,理工,学前教育,541,542.1,556
2018年,四川,二本,理工,测控技术与仪器,541,541.86,550
2018年,四川,二本,理工,文化产业管理,541,542.38,544
2018年,四川,二本,理工,国际经济与贸易,540,546.27,558
2018年,四川,二本,理工,测绘工程,540,541.56,546
2018年,四川,二本,理工,护理学,540,541.92,563
2018年,四川,二本,理工,环境工程,540,544.74,557
2018年,四川,二本,理工,会展经济与管理,540,543.06,549
2018年,四川,二本,理工,旅游管理,540,542.48,546
2018年,四川,二本,理工,生物工程,540,542.8,549
2018年,四川,二本,理工,网络工程,540,545.28,558
2018年,四川,二本,理工,制药工程,540,543.64,558
2018年,四川,二本,文史,会计学,560,566.62,578
2018年,四川,二本,文史,审计学,556,560.35,575
2018年,四川,二本,文史,网络与新媒体,554,557.39,567
2018年,四川,二本,文史,法学,553,557.61,577
2018年,四川,二本,文史,汉语言文学,553,557.34,570
2018年,四川,二本,文史,英语,553,556.87,579
2018年,四川,二本,文史,工商管理,552,555.74,568
2018年,四川,二本,文史,国际经济与贸易,550,553.88,559
2018年,四川,二本,文史,广播电视学,550,551.82,560
2018年,四川,二本,文史,商务英语,550,552.4,558
2018年,四川,二本,文史,特殊教育,550,553.1,561
2018年,四川,二本,文史,会展经济与管理,550,551.24,554
2018年,四川,二本,文史,旅游管理,550,551.79,566
2018年,四川,二本,文史,泰语,550,551.88,557
2018年,四川,二本,文史,文化产业管理,550,552.32,556
2018年,四川,二本,文史,学前教育,550,550.75,565
2018年,四川,二本,文史,应用心理学,550,554.41,575
2018年,四川,二本,文史,小学教育,549,552.78,564
2018年,四川,二本,文史,护理学,549,550.72,557
2018年,四川,深度贫困,理工,会计学,449,511.27,571
2018年,四川,深度贫困,文史,会计学,503,548.78,601
2018年,四川,体本,体育,体育教育,80.8,83.27,86
2018年,四川,体本,体育,社会体育指导与管理,80.8,81.67,83
2018年,四川,体本,体育,休闲体育,80.8,81.37,84
2018年,四川,一本,理工,临床医学,560,564.38,577
2018年,四川,一本,理工,财务管理,557,562.48,580
2018年,四川,一本,理工,软件工程,555,558.99,584
2018年,四川,一本,理工,汉语国际教育,553,558.69,574
2018年,四川,一本,理工,药学,553,555.88,567
2018年,四川,一本,理工,自动化,553,554.98,561
2018年,四川,一本,理工,材料成型及控制工程,553,554.19,560
2018年,四川,一本,理工,工程管理,553,554.56,563
2018年,四川,一本,理工,机械设计制造及其自动化,553,555.86,576
2018年,四川,一本,理工,食品科学与工程,553,554.79,571
2018年,四川,一本,理工,土木工程,553,554.16,558
2018年,四川,一本,文史,财务管理,560,562.61,570
2018年,四川,一本,文史,汉语国际教育,558,559.43,569
2018年,四川,艺本,艺术,广播电视编导（文）,517,524.2,537
2018年,四川,艺本,艺术,广播电视编导（理）,505,512,528
2018年,四川,艺本,艺术,音乐表演(器乐),324,329.07,334
2018年,四川,艺本,艺术,音乐表演(声乐),316,319.44,327
2018年,四川,艺本,艺术,音乐表演(音乐舞蹈),287,290.64,295
2018年,四川,艺本,艺术,动画,253,255.92,269
2018年,四川,艺本,艺术,视觉传达设计,252,255.21,261
2018年,四川,艺本,艺术,环境设计,252,254.77,260
2018年,四川,艺本,艺术,产品设计,251,253.93,258
2018年,四川,艺本,艺术,绘画,251,252.58,258
2018年,四川,专科,艺术（文）,广播影视类(中外),355,423.36,479
2018年,四川,专科,艺术（理）,广播影视类(中外),359,390.7,440
2018年,四川,专科,艺术,艺术设计类(中外),248,253.17,266
2018年,四川,专科,理工,工程造价,217,388.63,470
2018年,新疆,二本,理工,食品质量与安全,477,481.84,490
2018年,新疆,二本,理工,信息与计算科学,476,482.5,491
2018年,新疆,二本,理工,应用心理学,476,481.5,487
2018年,新疆,二本,理工,网络工程,473,475.82,485
2018年,新疆,二本,文史,汉语言文学,509,516.11,521
2018年,新疆,二本,文史,英语,507,509.86,516
2018年,新疆,二本,文史,小学教育,501,503.11,504
2018年,新疆,二本,文史,文化产业管理,501,504.61,510
2018年,云南,二本,理工,计算机科学与技术,527,529.45,532
2018年,云南,二本,理工,工程造价,526,528.65,532
2018年,云南,二本,理工,电气工程及其自动化,524,529.55,534
2018年,云南,二本,理工,旅游管理,524,526.45,527
2018年,云南,二本,理工,制药工程,523,526.71,528
2018年,云南,二本,文史,汉语言文学,575,578.26,583
2018年,云南,二本,文史,学前教育,569,569.96,569
2018年,云南,二本,文史,审计学,568,572.21,573
2018年,云南,二本,文史,泰语,568,570.96,572
2018年,云南,二本,文史,小学教育,568,575.3,582
2018年,云南,艺本,艺术统考音乐,音乐表演(声乐),154,160.84,166
2018年,云南,艺本,艺术统考音乐,音乐表演(器乐),153,156.68,160
2018年,云南,艺本,艺术统考音乐,音乐表演(音乐舞蹈),145,157.52,171
2018年,浙江,二本,综改,小学教育,578,580,584
2018年,浙江,二本,综改,法学,573,576.25,583
2018年,浙江,二本,综改,学前教育,571,574.75,586
2018年,浙江,二本,综改,英语,571,571.75,572
2018年,浙江,二本,综改,文化产业管理,569,569.67,571
2018年,浙江,二本,综改,国际经济与贸易,568,570,572
2018年,浙江,二本,综改,物联网工程,565,568,569
2018年,浙江,二本,综改,通信工程,564,565.5,569
2018年,浙江,二本,综改,护理学,563,563.5,564
2018年,浙江,二本,综改,特殊教育,562,562.33,563
2018年,浙江,二本,综改,生物工程,561,563.75,570
2018年,浙江,二本,综改,环境工程,560,561,563
2018年,重庆,二本,理工,会计学,514,522.4,540
2018年,重庆,二本,理工,数字媒体技术,513,515.49,518
2018年,重庆,二本,理工,制药工程,513,514.46,516
2018年,重庆,二本,理工,护理学,511,513.6,517
2018年,重庆,二本,理工,广播电视学,511,511.86,512
2018年,重庆,二本,理工,车辆工程,510,512.58,515
2018年,重庆,二本,文史,小学教育,513,514.69,516
2018年,重庆,二本,文史,商务英语,513,514.42,518
2018年,重庆,二本,文史,国际经济与贸易,512,514.58,518
2018年,重庆,二本,文史,文化产业管理,511,512.38,514
2018年,重庆,二本,文史,学前教育,511,513.57,518
2018年,重庆,艺本,艺术类,音乐表演(器乐),219,222.53,224
2018年,重庆,艺本,艺术类,动画,206,210.01,215
2018年,重庆,艺本,艺术类,视觉传达设计,204,207.59,209
2018年,重庆,艺本,艺术类,产品设计,203,204.45,205
年份,省份,批次,科类,专业名称,最低分,平均分,最高分
2019年,安徽,二本,理工,测绘工程,502.7,506.28,517.6
2019年,安徽,二本,理工,测控技术与仪器,504.9,508.54,516.9
2019年,安徽,二本,理工,旅游管理,500.7,503.28,505.8
2019年,安徽,二本,理工,生物工程,500.4,501.58,504.3
2019年,安徽,二本,文史,法学,561,562.04,562.9
2019年,安徽,二本,文史,汉语言文学,559.7,560.2,560.7
2019年,安徽,二本,文史,英语,559.7,560.52,563.7
2019年,福建,二本,理工,电气工程及其自动化,490,491.25,493
2019年,福建,二本,理工,环境工程,488,488.25,489
2019年,福建,二本,理工,会计学,489,489.33,490
2019年,福建,二本,理工,计算机科学与技术,494,495.25,496
2019年,福建,二本,理工,生物工程,488,488.25,489
2019年,福建,二本,文史,护理学,540,540.5,541
2019年,福建,二本,文史,旅游管理,541,541.75,542
2019年,福建,二本,文史,商务英语,542,544.8,546
2019年,福建,二本,文史,英语,546,546.67,548
2019年,甘肃,二本,理工,测控技术与仪器,478.1,478.9,480.1
2019年,甘肃,二本,理工,电气工程及其自动化,482.1,482.85,484.1
2019年,甘肃,二本,理工,计算机科学与技术,483.1,485.43,487.1
2019年,甘肃,二本,理工,商务英语,478.1,479.1,480.1
2019年,甘肃,二本,理工,生物工程,478.1,480.1,482.1
2019年,甘肃,二本,理工,信息与计算科学,481.1,481.6,482.1
2019年,甘肃,二本,文史,国际经济与贸易,525.1,528.6,532.1
2019年,甘肃,二本,文史,汉语言文学,533.1,534.1,535.1
2019年,甘肃,二本,文史,护理学,525.1,525.6,527.1
2019年,甘肃,二本,文史,旅游管理,527.1,527.6,528.1
2019年,甘肃,二本,文史,审计学,527.1,529.6,532.1
2019年,甘肃,二本,文史,小学教育,529.1,530.1,532.1
2019年,甘肃,二本,文史,学前教育,525.1,527.35,530.1
2019年,甘肃,一本,理工,材料成型及控制工程,490.1,490.43,491.1
2019年,甘肃,一本,理工,工程管理,492.1,493.43,494.1
2019年,甘肃,一本,理工,机械设计制造及其自动化,492.1,494.1,495.1
2019年,甘肃,一本,理工,临床医学,501.1,505.43,512.1
2019年,甘肃,一本,理工,软件工程,496.1,498.77,500.1
2019年,甘肃,一本,理工,食品科学与工程,493.1,494.43,495.1
2019年,甘肃,一本,理工,土木工程,490.1,492.1,494.1
2019年,甘肃,一本,理工,药学,494.1,500.77,510.1
2019年,甘肃,一本,理工,自动化,490.1,492.77,495.1
2019年,甘肃,一本,文史,财务管理,535.1,536.1,537.1
2019年,甘肃,一本,文史,汉语国际教育,532.1,535.27,541.1
2019年,甘肃,艺本,艺术,环境设计,219.8,221.02,223.3
2019年,甘肃,艺本,艺术,音乐表演(器乐),246,246.5,247
2019年,甘肃,艺本,艺术,音乐表演(声乐),259.4,259.85,260.3
2019年,广东,艺本,艺术,产品设计,509,512,515
2019年,广东,艺本,艺术,动画,508,511.2,514
2019年,广东,艺本,艺术,环境设计,509,510.71,519
2019年,广东,艺本,艺术,绘画,510,511.33,513
2019年,广东,艺本,艺术,音乐表演(声乐),507,508,510
2019年,广西,二本,理工,车辆工程,509,515.2,536
2019年,广西,二本,理工,食品质量与安全,505,509.25,517
2019年,广西,二本,理工,通信工程,517,520.8,528
2019年,广西,二本,文史,广播电视学,523,528.2,538
2019年,广西,二本,文史,护理学,517,519,522
2019年,广西,二本,文史,特殊教育,520,520.5,521
2019年,广西,二本,文史,学前教育,521,522,523
2019年,广西,体本,体育,体育教育,393.9,399.92,410
2019年,广西,艺本,艺术,动画,595,596,597
2019年,广西,艺本,艺术,视觉传达设计,594,598.57,609
2019年,广西,艺本,艺术,音乐表演(声乐),568,574.33,579
2019年,贵州,二本,理工,测绘工程,475.1,482.77,497.1
2019年,贵州,二本,理工,电气工程及其自动化,476.1,479.43,484.1
2019年,贵州,二本,理工,计算机科学与技术,481.1,483.35,487.1
2019年,贵州,二本,理工,泰语,473.1,473.6,474.1
2019年,贵州,二本,文史,旅游管理,540.1,540.6,541.1
2019年,贵州,二本,文史,学前教育,542.1,546.77,550.1
2019年,贵州,艺本,艺术,动画,244,247.87,252.3
2019年,贵州,艺本,艺术,广播电视编导(理工),239.7,239.9,240.5
2019年,贵州,艺本,艺术,广播电视编导(文史),238.3,239.4,238.9
2019年,贵州,艺本,艺术,视觉传达设计,243.7,244.77,246.3
2019年,贵州,艺本,艺术,音乐表演(器乐),229.3,229.3,229.3
2019年,贵州,艺本,艺术,音乐表演(声乐),230.7,232.85,235
2019年,海南,二本,理工,通信工程,597,599.58,606.1
2019年,海南,二本,理工,小学教育,614.1,623.7,632
2019年,海南,二本,理工,应用心理学,598.1,606.58,623.1
2019年,海南,二本,文史,法学,664,666.37,668.1
2019年,海南,二本,文史,护理学,656,656.5,657
2019年,海南,二本,文史,会展经济与管理,657,660.25,663
2019年,河北,二本,理工,测绘工程,513.1,513.6,514.1
2019年,河北,二本,理工,测控技术与仪器,515.1,515.1,515.1
2019年,河北,二本,理工,法学,516.1,518.43,520.1
2019年,河北,二本,理工,数字媒体技术,519.1,526.35,541.1
2019年,河北,二本,理工,通信工程,519.1,524.6,538.1
2019年,河北,二本,理工,制药工程,513.1,514.1,515.1
2019年,河北,二本,文史,会计学,560.1,560.43,561.1
2019年,河北,二本,文史,商务英语,558.1,559.6,560.1
2019年,河北,二本,文史,文化产业管理,556.1,557.1,560.1
2019年,河北,二本,文史,小学教育,556.1,558.77,564.1
2019年,河北,二本,文史,应用心理学,558.1,561.1,563.1
2019年,河北,体本,体育,体育教育,346.1,351.5,360.2
2019年,河南,一本,理工,机械设计制造及其自动化,551.1,551.3,552.1
2019年,河南,一本,理工,临床医学,554.1,558.1,566.1
2019年,河南,一本,理工,软件工程,553.1,554.3,557.1
2019年,河南,一本,理工,食品科学与工程,551.1,551.3,552.1
2019年,河南,一本,理工,药学,551.1,551.77,553.1
2019年,河南,一本,理工,自动化,552.1,557.1,567.1
2019年,河南,一本,文史,财务管理,560.1,561.9,567.1
2019年,河南,一本,文史,汉语国际教育,558.1,559.1,560.1
2019年,黑龙江,二本,理工,测控技术与仪器,503.1,503.1,503.1
2019年,黑龙江,二本,理工,电气工程及其自动化,500.1,503.7,512.1
2019年,黑龙江,二本,理工,物联网工程,503.1,505.77,510.1
2019年,黑龙江,二本,文史,国际经济与贸易,502.1,504.1,506.1
2019年,黑龙江,二本,文史,护理学,498.1,499.1,500.1
2019年,黑龙江,二本,文史,小学教育,500.1,500.43,501.1
2019年,湖南,二本,理工,电子信息工程,503,503.67,505
2019年,湖南,二本,理工,生物工程,503,506,508
2019年,湖南,二本,理工,英语,503,507,512
2019年,湖南,二本,文史,汉语言文学,560,563,565
2019年,湖南,二本,文史,旅游管理,558,558.33,559
2019年,湖南,体本,体育,体育教育,752,753,754
2019年,湖南,艺本,艺术,动画,300.2,302.75,305.3
2019年,湖南,艺本,艺术,环境设计,299.9,301.05,304.1
2019年,湖南,艺本,艺术,视觉传达设计,300.4,300.8,301.1
2019年,湖南,艺本,艺术,音乐表演(器乐),401,401,401
2019年,湖南,艺本,艺术,音乐表演(声乐),358,377.67,391
2019年,吉林,二本,理工,测绘工程,500.1,501.1,502.1
2019年,吉林,二本,理工,电子信息工程,513.1,515.77,521.1
2019年,吉林,二本,文史,法学,534.1,536.6,539.1
2019年,吉林,二本,文史,学前教育,531.1,533.43,536.1
2019年,吉林,体本,体育,体育教育,344,366.8,390
2019年,吉林,艺本,艺术,产品设计,267,304.67,347
2019年,吉林,艺本,艺术,动画,313,337,361
2019年,江苏,二本,理工,测绘工程,343,343.33,344
2019年,江苏,二本,理工,电子信息工程,344,345.25,346
2019年,江苏,二本,理工,食品质量与安全,343,343.33,344
2019年,江苏,二本,文史,护理学,334,336.75,339
2019年,江苏,二本,文史,学前教育,333,334,337
2019年,江苏,体本,体育,体育教育,374,383,410
2019年,江苏,艺本,艺术,广播电视编导,514,518.75,531
2019年,江苏,艺本,艺术,环境设计,504,504,504
2019年,江苏,艺本,艺术,视觉传达设计,505,509,514
2019年,江苏,艺本,艺术,音乐表演(器乐),192,192,192
2019年,江苏,艺本,艺术,音乐表演(声乐),186,186,186
2019年,江苏,专科,理工,工程造价,262,284,308
2019年,江西,二本,理工,电子信息工程,532,533.5,535
2019年,江西,二本,理工,建筑学,527,527.75,529
2019年,江西,二本,理工,特殊教育,527,527,527
2019年,江西,二本,理工,小学教育,528,530,534
2019年,江西,二本,理工,信息与计算科学,529,530.75,532
2019年,江西,二本,文史,国际经济与贸易,564,564,564
2019年,江西,二本,文史,汉语言文学,563,565.5,573
2019年,江西,二本,文史,护理学,562,562,562
2019年,江西,二本,文史,旅游管理,562,563.33,566
2019年,辽宁,二本,理工,电子信息工程,531.1,533.85,538.1
2019年,辽宁,二本,理工,工程造价,527.1,528.1,529.1
2019年,辽宁,二本,文史,工商管理,557.1,559.23,562.1
2019年,辽宁,二本,文史,学前教育,559.1,559.1,559.1
2019年,辽宁,二本,文史,英语,560.1,566.43,578.1
2019年,辽宁,艺本,艺术,产品设计,458.4,465.81,476.7
2019年,辽宁,艺本,艺术,动画,458.8,471.13,488.9
2019年,青海,二本,理工,物联网工程,407.1,412.7,428.1
2019年,青海,二本,文史,小学教育,485.1,488.5,494.1
2019年,山东,体本,体育,体育教育,564.9,566.46,569.6
2019年,山东,艺本,艺术,产品设计,567.3,570.15,573
2019年,山东,艺本,艺术,广播电视编导,522.4,523.58,524.8
2019年,山东,艺本,艺术,绘画,557,559.35,565.2
2019年,山西,二本,理工,车辆工程,484.1,485.6,488.1
2019年,山西,二本,理工,电子信息工程,486.1,489.35,498.1
2019年,山西,二本,理工,工程造价,484.1,485.07,486
2019年,山西,二本,文史,国际经济与贸易,528.1,529.9,531.1
2019年,山西,二本,文史,旅游管理,528.1,529.1,530.1
2019年,山西,二本,文史,学前教育,528.1,528.1,528.1
2019年,山西,艺本,艺术,广播电视编导,321.9,323.6,325.3
2019年,山西,艺本,艺术,音乐表演(器乐),83.8,83.8,83.8
2019年,山西,艺本,艺术,音乐表演(声乐),84.8,84.9,85
2019年,陕西,二本,理工,审计学,481.1,481.77,483.1
2019年,陕西,二本,理工,通信工程,478.1,480.43,483.1
2019年,陕西,二本,理工,学前教育,475.1,476.1,477.1
2019年,陕西,二本,理工,制药工程,476.1,477.1,478.1
2019年,陕西,二本,文史,护理学,521.1,522.1,523.1
2019年,陕西,二本,文史,旅游管理,522.1,523.1,524.1
2019年,陕西,二本,文史,英语,523.1,524.6,527.1
2019年,四川,地方专项本科,理工,财务管理,558.1,562.1,566.1
2019年,四川,地方专项本科,理工,工程管理,566.1,566.1,566.1
2019年,四川,地方专项本科,理工,汉语国际教育,556.1,556.6,557.1
2019年,四川,地方专项本科,理工,机械设计制造及其自动化,551.1,556.53,569.1
2019年,四川,地方专项本科,理工,临床医学,568.1,571.6,574.1
2019年,四川,地方专项本科,理工,软件工程,556.1,561.1,567.1
2019年,四川,地方专项本科,理工,食品科学与工程,550.1,555.43,561.1
2019年,四川,地方专项本科,理工,土木工程,554.1,559.7,566.1
2019年,四川,地方专项本科,理工,药学,547.1,559.1,576.1
2019年,四川,地方专项本科,理工,自动化,550.1,553.43,559.1
2019年,四川,地方专项本科,文史,财务管理,545.1,549.5,552.1
2019年,四川,地方专项本科,文史,汉语国际教育,549.1,552.6,556.1
2019年,四川,二本,理工,测绘工程,546.1,546.69,558.1
2019年,四川,二本,理工,测控技术与仪器,545.1,547.1,556.1
2019年,四川,二本,理工,车辆工程,546.1,549.1,574.1
2019年,四川,二本,理工,电气工程及其自动化,549.1,552.92,583.1
2019年,四川,二本,理工,电子信息工程,550.1,553.17,563.1
2019年,四川,二本,理工,法学,553.1,560.43,576.1
2019年,四川,二本,理工,工程造价,549.1,553.66,565.1
2019年,四川,二本,理工,工商管理,548.1,552.4,583.1
2019年,四川,二本,理工,广播电视学,546.1,548.79,557.1
2019年,四川,二本,理工,国际经济与贸易,546.1,550.57,570.1
2019年,四川,二本,理工,护理学,546.1,548.69,563.1
2019年,四川,二本,理工,环境工程,545.1,548.17,564.1
2019年,四川,二本,理工,会计学,561.1,567.19,580.1
2019年,四川,二本,理工,会展经济与管理,545.1,547.9,553.1
2019年,四川,二本,理工,计算机科学与技术,557.1,561.83,578.1
2019年,四川,二本,理工,建筑学,549.1,552.91,564.1
2019年,四川,二本,理工,口腔医学技术,549.1,555.37,581.1
2019年,四川,二本,理工,旅游管理,546.1,547.43,549.1
2019年,四川,二本,理工,商务英语,552.1,555.71,586.1
2019年,四川,二本,理工,审计学,556.1,559.29,571.1
2019年,四川,二本,理工,生物工程,545.1,548.7,564.1
2019年,四川,二本,理工,食品质量与安全,545.1,547.77,555.1
2019年,四川,二本,理工,数字媒体技术,552.1,556.06,575.1
2019年,四川,二本,理工,泰语,546.1,547.1,551.1
2019年,四川,二本,理工,特殊教育,546.1,547.42,564.1
2019年,四川,二本,理工,通信工程,548.1,551.1,571.1
2019年,四川,二本,理工,网络工程,549.1,551.72,557.1
2019年,四川,二本,理工,文化产业管理,546.1,546.77,548.1
2019年,四川,二本,理工,物联网工程,553.1,555.87,568.1
2019年,四川,二本,理工,小学教育,548.1,552.01,568.1
2019年,四川,二本,理工,信息与计算科学,549.1,551.32,556.1
2019年,四川,二本,理工,学前教育,546.1,546.92,558.1
2019年,四川,二本,理工,英语,555.1,561.41,572.1
2019年,四川,二本,理工,应用心理学,548.1,552,558.1
2019年,四川,二本,理工,制药工程,545.1,548.3,563.1
2019年,四川,二本,文史,法学,543.1,548.88,570.1
2019年,四川,二本,文史,工商管理,542.1,545.88,561.1
2019年,四川,二本,文史,广播电视学,540.1,543.57,572.1
2019年,四川,二本,文史,国际经济与贸易,542.1,543.61,549.1
2019年,四川,二本,文史,汉语言文学,543.1,546.67,563.1
2019年,四川,二本,文史,护理学,539.1,540.58,544.1
2019年,四川,二本,文史,会计学,548.1,555.35,567.1
2019年,四川,二本,文史,会展经济与管理,539.1,539.71,542.1
2019年,四川,二本,文史,旅游管理,539.1,540.28,545.1
2019年,四川,二本,文史,商务英语,542.1,543.93,556.1
2019年,四川,二本,文史,社会工作,539.1,541,546.1
2019年,四川,二本,文史,审计学,545.1,549.42,564.1
2019年,四川,二本,文史,泰语,539.1,540.63,546.1
2019年,四川,二本,文史,特殊教育,539.1,539.64,541.1
2019年,四川,二本,文史,文化产业管理,540.1,543.58,564.1
2019年,四川,二本,文史,小学教育,540.1,542.56,561.1
2019年,四川,二本,文史,学前教育,539.1,541.73,558.1
2019年,四川,二本,文史,英语,543.1,547.12,566.1
2019年,四川,二本,文史,应用心理学,541.1,543,559.1
2019年,四川,国家专项本科,理工,材料成型及控制工程,588.1,588.1,588.1
2019年,四川,国家专项本科,理工,财务管理,569.1,569.1,569.1
2019年,四川,国家专项本科,理工,工程管理,548.1,548.1,548.1
2019年,四川,国家专项本科,理工,汉语国际教育,568.1,568.1,568.1
2019年,四川,国家专项本科,理工,机械设计制造及其自动化,548.1,554.6,561.1
2019年,四川,国家专项本科,理工,临床医学,581.1,581.1,581.1
2019年,四川,国家专项本科,理工,软件工程,551.1,557.85,568.1
2019年,四川,国家专项本科,理工,食品科学与工程,563.1,563.1,563.1
2019年,四川,国家专项本科,理工,土木工程,548.1,549.6,551.1
2019年,四川,国家专项本科,理工,药学,560.1,565.6,571.1
2019年,四川,国家专项本科,理工,自动化,547.1,547.1,547.1
2019年,四川,国家专项本科,文史,财务管理,540,545,545
2019年,四川,国家专项本科,文史,汉语国际教育,540,550,552
2019年,四川,少数民族预科,理工,少数民族预科,443,450,476
2019年,四川,少数民族预科,文史,少数民族预科,456,460,466
2019年,四川,深度贫困,理工,会计学,487,518.9,593
2019年,四川,深度贫困,文史,会计学,493,528.7,574
2019年,四川,体本,体育,社会体育指导与管理,82.8,83.55,84.6
2019年,四川,体本,体育,体育教育,84.3,85.05,86.9
2019年,四川,体本,体育,休闲体育,82.6,83.08,84.5
2019年,四川,一本,理工,材料成型及控制工程,557.1,558.99,564.1
2019年,四川,一本,理工,财务管理,567.1,569.58,576.1
2019年,四川,一本,理工,工程管理,557.1,560.24,573.1
2019年,四川,一本,理工,汉语国际教育,560.1,564.39,575.1
2019年,四川,一本,理工,机械设计制造及其自动化,560.1,562.58,571.1
2019年,四川,一本,理工,临床医学,569.1,571.78,577.1
2019年,四川,一本,理工,软件工程,564.1,566.62,581.1
2019年,四川,一本,理工,食品科学与工程,557.1,559.7,565.1
2019年,四川,一本,理工,土木工程,557.1,560.08,569.1
2019年,四川,一本,理工,网络与新媒体,565.1,569.6,577.1
2019年,四川,一本,理工,药学,562.1,564.73,574.1
2019年,四川,一本,理工,自动化,561.1,563.34,578.1
2019年,四川,一本,文史,财务管理,552.1,556.37,569.1
2019年,四川,一本,文史,汉语国际教育,550.1,551.49,562.1
2019年,四川,一本,文史,网络与新媒体,551.1,554.2,562.1
2019年,四川,一类模式(藏文),理工,少数民族预科,265,273.3,278
2019年,四川,一类模式(藏文),文史,少数民族预科,318,321.4,324
2019年,四川,一类模式(彝文),理工,少数民族预科,264,264,264
2019年,四川,一类模式(彝文),文史,少数民族预科,395,395,395
2019年,四川,艺本,艺术,产品设计,252.3,253.41,258.3
2019年,四川,艺本,艺术,动画,253.3,256.78,267.3
2019年,四川,艺本,艺术,广播电视编导(理),517,521.5,530.2
2019年,四川,艺本,艺术,广播电视编导(文),501.2,509.8,523
2019年,四川,艺本,艺术,环境设计,252.3,254.52,264.3
2019年,四川,艺本,艺术,绘画,252,253.83,259
2019年,四川,艺本,艺术,视觉传达设计,253.3,255.48,258.3
2019年,四川,艺本,艺术,音乐表演(器乐),316,321.53,330.4
2019年,四川,艺本,艺术,音乐表演(声乐),288,295.33,312
2019年,四川,艺本,艺术,音乐表演(音乐舞蹈),268.6,280.74,292.1
2019年,四川,艺专,艺术,广播影视节目制作(理),362.2,400,448
2019年,四川,艺专,艺术,广播影视节目制作(文),377,415,464
2019年,四川,艺专,艺术,艺术设计,244.3,251.14,266.3
2019年,四川,职教师资本科,职教师资,护理学,525.3,553.46,655.3
2019年,四川,专科,理工,工程造价,406.1,430.63,467.1
2019年,新疆,二本,理工,食品质量与安全,467.1,467.1,467.1
2019年,新疆,二本,理工,网络工程,467.1,472.21,477.1
2019年,新疆,二本,理工,信息与计算科学,468.1,473.85,478.1
2019年,新疆,二本,理工,应用心理学,468.1,471.7,474.1
2019年,新疆,二本,文史,汉语言文学,523.1,525.9,530.1
2019年,新疆,二本,文史,文化产业管理,521.1,521.1,521.1
2019年,新疆,二本,文史,小学教育,520.1,520.77,522.1
2019年,新疆,二本,文史,英语,522.1,524.85,527.1
2019年,新疆,一本,理工,工程管理,481.1,484.1,489.1
2019年,新疆,一本,理工,机械设计制造及其自动化,481.1,482.6,486.1
2019年,新疆,一本,理工,临床医学,512.1,512.1,512.1
2019年,新疆,一本,理工,软件工程,484.1,491.1,505.1
2019年,新疆,一本,理工,食品科学与工程,481.1,484.35,486.1
2019年,新疆,一本,理工,土木工程,480.1,483.39,495.1
2019年,新疆,一本,理工,药学,483.1,490.35,501.1
2019年,新疆,一本,文史,财务管理,536.1,538.1,540.1
2019年,新疆,一本,文史,汉语国际教育,535.1,537.6,541.1
2019年,云南,二本,理工,电气工程及其自动化,541,542.27,544.8
2019年,云南,二本,理工,工程造价,538,538.67,540
2019年,云南,二本,理工,计算机科学与技术,541.8,544.8,549.6
2019年,云南,二本,理工,旅游管理,535,535,535
2019年,云南,二本,理工,制药工程,536,537,538
2019年,云南,二本,文史,汉语言文学,569,572.53,577
2019年,云南,二本,文史,审计学,564,568,574
2019年,云南,二本,文史,泰语,561,561.3,561.6
2019年,云南,二本,文史,小学教育,561.6,564.2,568
2019年,云南,二本,文史,学前教育,561.8,562.53,563.8
2019年,云南,艺本,艺术,音乐表演(器乐),169.2,169.2,169.2
2019年,云南,艺本,艺术,音乐表演(声乐),173.1,174,174.5
2019年,浙江,二本,综改,法学,592,592,592
2019年,浙江,二本,综改,护理学,574,577.5,585
2019年,浙江,二本,综改,生物工程,575,576.25,577
2019年,浙江,二本,综改,特殊教育,577,581,584
2019年,浙江,二本,综改,通信工程,579,580.75,583
2019年,浙江,二本,综改,文化产业管理,583,585.33,589
2019年,浙江,二本,综改,小学教育,593,595.25,598
2019年,浙江,二本,综改,学前教育,586,588,593
2019年,浙江,二本,综改,英语,587,589,593
2019年,浙江,艺专,艺术,艺术设计,511,513.7,542
2019年,重庆,二本,理工,车辆工程,522.2,524.8,528.2
2019年,重庆,二本,理工,广播电视学,520.2,520.7,521.2
2019年,重庆,二本,理工,护理学,520.2,520.2,520.2
2019年,重庆,二本,理工,会计学,523.2,526.4,530.2
2019年,重庆,二本,理工,数字媒体技术,523.2,529.2,544.2
2019年,重庆,二本,理工,制药工程,521.2,522.7,523.2
2019年,重庆,二本,文史,国际经济与贸易,539.2,540.33,542.2
2019年,重庆,二本,文史,商务英语,542.2,549.2,557.2
2019年,重庆,二本,文史,文化产业管理,540.2,540.53,541.2
2019年,重庆,二本,文史,小学教育,544.2,545.95,548.2
2019年,重庆,二本,文史,学前教育,543.2,543.4,544.2
2019年,重庆,艺本,艺术,产品设计,214.5,215.3,216.6
2019年,重庆,艺本,艺术,动画,215.3,217.6,222
2019年,重庆,艺本,艺术,绘画,214.6,217.45,220.6
2019年,重庆,艺本,艺术,视觉传达设计,214.4,216.8,223.6
2019年,重庆,艺本,艺术,音乐表演(器乐),235.2,235.25,235.3
年份,省份,批次,专业名称,科类,调档线,最高分,平均分
2020年,四川,本科二批,测绘工程,理工,531,536,532.3
2020年,四川,本科二批,测控技术与仪器,理工,531,550,533.2
2020年,四川,本科二批,车辆工程,理工,532,542,534.1
2020年,四川,本科二批,电气工程及其自动化,理工,537,552,540.6
2020年,四川,本科二批,电子信息工程,理工,536,563,540.7
2020年,四川,本科二批,法学,理工,541,567,547
2020年,四川,本科二批,工程造价,理工,534,553,538
2020年,四川,本科二批,工商管理,理工,534,550,538.4
2020年,四川,本科二批,广播电视学,理工,534,544,536.5
2020年,四川,本科二批,国际经济与贸易,理工,533,550,535.4
2020年,四川,本科二批,护理学,理工,531,553,531.6
2020年,四川,本科二批,环境工程,理工,531,558,534.6
2020年,四川,本科二批,会计学,理工,548,564,552.1
2020年,四川,本科二批,会展经济与管理,理工,532,542,534.5
2020年,四川,本科二批,计算机科学与技术,理工,544,569,550.5
2020年,四川,本科二批,建筑学,理工,533,547,536.9
2020年,四川,本科二批,口腔医学技术,理工,538,554,542.3
2020年,四川,本科二批,旅游管理,理工,532,539,533.1
2020年,四川,本科二批,商务英语,理工,538,549,540.1
2020年,四川,本科二批,社会工作,理工,531,541,533.8
2020年,四川,本科二批,审计学,理工,544,557,546.8
2020年,四川,本科二批,生物工程,理工,531,548,534.8
2020年,四川,本科二批,食品质量与安全,理工,532,540,534.4
2020年,四川,本科二批,数据科学与大数据技术,理工,540,556,543.1
2020年,四川,本科二批,数字媒体技术,理工,539,560,544.5
2020年,四川,本科二批,思想政治教育,理工,531,541,531.2
2020年,四川,本科二批,泰语,理工,531,542,522.9
2020年,四川,本科二批,特殊教育,理工,531,553,520
2020年,四川,本科二批,通信工程,理工,535,559,537.8
2020年,四川,本科二批,网络工程,理工,535,556,538.4
2020年,四川,本科二批,文化产业管理,理工,532,536,532.8
2020年,四川,本科二批,物联网工程,理工,539,557,542.6
2020年,四川,本科二批,小学教育,理工,539,570,543.3
2020年,四川,本科二批,学前教育,理工,531,555,535
2020年,四川,本科二批,英语,理工,543,568,548.9
2020年,四川,本科二批,应用心理学,理工,537,550,540.3
2020年,四川,本科二批,制药工程,理工,531,543,534
2020年,四川,本科二批,法学,文史,538,565,543.2
2020年,四川,本科二批,工商管理,文史,532,554,535.9
2020年,四川,本科二批,广播电视学,文史,533,544,535.6
2020年,四川,本科二批,国际经济与贸易,文史,530,545,533.1
2020年,四川,本科二批,汉语言文学,文史,534,551,537.5
2020年,四川,本科二批,护理学,文史,530,534,531.1
2020年,四川,本科二批,会计学,文史,540,564,546.4
2020年,四川,本科二批,会展经济与管理,文史,529,540,530.2
2020年,四川,本科二批,旅游管理,文史,529,535,531.3
2020年,四川,本科二批,商务英语,文史,532,540,533.4
2020年,四川,本科二批,社会工作,文史,530,533,531.7
2020年,四川,本科二批,审计学,文史,538,552,542.6
2020年,四川,本科二批,思想政治教育,文史,533,541,534.9
2020年,四川,本科二批,泰语,文史,529,531,529.9
2020年,四川,本科二批,特殊教育,文史,529,538,525.1
2020年,四川,本科二批,文化产业管理,文史,529,534,530.4
2020年,四川,本科二批,小学教育,文史,531,558,533.7
2020年,四川,本科二批,学前教育,文史,529,548,530.8
2020年,四川,本科二批,英语,文史,534,550,536.7
2020年,四川,本科二批,应用心理学,文史,533,539,534.2
2020年,四川,本科一批,材料成型及控制工程,理工,545,557,546
2020年,四川,本科一批,财务管理,理工,554,572,558.9
2020年,四川,本科一批,工程管理,理工,547,566,549.9
2020年,四川,本科一批,汉语国际教育,理工,553,559,556.1
2020年,四川,本科一批,机械设计制造及其自动化,理工,547,572,550.2
2020年,四川,本科一批,临床医学,理工,555,581,558.9
2020年,四川,本科一批,软件工程,理工,553,572,555.8
2020年,四川,本科一批,食品科学与工程,理工,545,572,547.1
2020年,四川,本科一批,土木工程,理工,545,570,546.2
2020年,四川,本科一批,网络与新媒体,理工,554,567,557.4
2020年,四川,本科一批,药学,理工,547,562,550.8
2020年,四川,本科一批,自动化,理工,550,571,552.1
2020年,四川,本科一批,财务管理,文史,542,549,544.5
2020年,四川,本科一批,汉语国际教育,文史,541,551,542.4
2020年,四川,本科一批,网络与新媒体,文史,544,565,547.7
2020年,四川,本科一批,社会体育指导与管理,体育,84,90,85.32
2020年,四川,本科一批,体育教育,体育,85,93,86.65
2020年,四川,本科一批,休闲体育,体育,84,86,84.66
2020年,四川,本科一批,视觉传达设计,艺术,252,257,253.9
2020年,四川,本科一批,环境设计,艺术,250,261,252.1
2020年,四川,本科一批,产品设计,艺术,250,254,251.1
2020年,四川,本科一批,动画,艺术,253,276,255.2
2020年,四川,本科一批,绘画,艺术,244,261,249.1
2020年,四川,本科一批,广播电视编导,艺文,489,511,498
2020年,四川,本科一批,广播电视编导,艺理,487,501,492
2020年,四川,本科一批,舞蹈表演,艺术,331,342,334.7
2020年,四川,本科一批,音乐表演(器乐),艺术,265,340,294.1
